ITEM CODE,ITEM DESCRIPTION,MODEL,DATE,ACTUAL,FORECAST
23445,CORONA EXTRA LOOSE NR - 12OZ,Naive Seasonal,2026-02-01,0.0,0.0
23445,CORONA EXTRA LOOSE NR - 12OZ,Naive Seasonal,2026-03-01,0.0,0.0
23445,CORONA EXTRA LOOSE NR - 12OZ,Naive Seasonal,2026-04-01,0.0,0.0
23445,CORONA EXTRA LOOSE NR - 12OZ,Naive Seasonal,2026-05-01,0.0,0.0
23445,CORONA EXTRA LOOSE NR - 12OZ,Naive Seasonal,2026-06-01,12952.88,0.0
23445,CORONA EXTRA LOOSE NR - 12OZ,Naive Seasonal,2026-07-01,11850.96,0.0
23445,CORONA EXTRA LOOSE NR - 12OZ,Holt-Winters,2026-02-01,0.0,0.0
23445,CORONA EXTRA LOOSE NR - 12OZ,Holt-Winters,2026-03-01,0.0,0.0
23445,CORONA EXTRA LOOSE NR - 12OZ,Holt-Winters,2026-04-01,0.0,0.0
23445,CORONA EXTRA LOOSE NR - 12OZ,Holt-Winters,2026-05-01,0.0,0.0
23445,CORONA EXTRA LOOSE NR - 12OZ,Holt-Winters,2026-06-01,12952.88,0.0
23445,CORONA EXTRA LOOSE NR - 12OZ,Holt-Winters,2026-07-01,11850.96,1007.2121144141113
23445,CORONA EXTRA LOOSE NR - 12OZ,SARIMA,2026-02-01,0.0,0.0
23445,CORONA EXTRA LOOSE NR - 12OZ,SARIMA,2026-03-01,0.0,0.0
23445,CORONA EXTRA LOOSE NR - 12OZ,SARIMA,2026-04-01,0.0,0.0
23445,CORONA EXTRA LOOSE NR - 12OZ,SARIMA,2026-05-01,0.0,0.0
23445,CORONA EXTRA LOOSE NR - 12OZ,SARIMA,2026-06-01,12952.88,346.48494902329844
23445,CORONA EXTRA LOOSE NR - 12OZ,SARIMA,2026-07-01,11850.96,1291.5511786887134
96750,CORONA EXTRA 2/12 NR - 12OZ,Naive Seasonal,2026-02-01,0.0,0.0
96750,CORONA EXTRA 2/12 NR - 12OZ,Naive Seasonal,2026-03-01,0.0,0.0
96750,CORONA EXTRA 2/12 NR - 12OZ,Naive Seasonal,2026-04-01,0.0,0.0
96750,CORONA EXTRA 2/12 NR - 12OZ,Naive Seasonal,2026-05-01,0.0,0.0
96750,CORONA EXTRA 2/12 NR - 12OZ,Naive Seasonal,2026-06-01,8249.17,0.0
96750,CORONA EXTRA 2/12 NR - 12OZ,Naive Seasonal,2026-07-01,7933.5,0.0
96750,CORONA EXTRA 2/12 NR - 12OZ,Holt-Winters,2026-02-01,0.0,0.0
96750,CORONA EXTRA 2/12 NR - 12OZ,Holt-Winters,2026-03-01,0.0,0.0
96750,CORONA EXTRA 2/12 NR - 12OZ,Holt-Winters,2026-04-01,0.0,0.0
96750,CORONA EXTRA 2/12 NR - 12OZ,Holt-Winters,2026-05-01,0.0,0.0
96750,CORONA EXTRA 2/12 NR - 12OZ,Holt-Winters,2026-06-01,8249.17,123.31847701867798
96750,CORONA EXTRA 2/12 NR - 12OZ,Holt-Winters,2026-07-01,7933.5,1128.7741876972177
96750,CORONA EXTRA 2/12 NR - 12OZ,SARIMA,2026-02-01,0.0,232.76252109933205
96750,CORONA EXTRA 2/12 NR - 12OZ,SARIMA,2026-03-01,0.0,0.0
96750,CORONA EXTRA 2/12 NR - 12OZ,SARIMA,2026-04-01,0.0,0.0
96750,CORONA EXTRA 2/12 NR - 12OZ,SARIMA,2026-05-01,0.0,0.0
96750,CORONA EXTRA 2/12 NR - 12OZ,SARIMA,2026-06-01,8249.17,415.46717725086955
96750,CORONA EXTRA 2/12 NR - 12OZ,SARIMA,2026-07-01,7933.5,788.4504126475238
23886,HEINEKEN LOOSE NR - 12OZ,Naive Seasonal,2026-02-01,0.0,0.0
23886,HEINEKEN LOOSE NR - 12OZ,Naive Seasonal,2026-03-01,0.0,0.0
23886,HEINEKEN LOOSE NR - 12OZ,Naive Seasonal,2026-04-01,0.0,0.0
23886,HEINEKEN LOOSE NR - 12OZ,Naive Seasonal,2026-05-01,0.0,0.0
23886,HEINEKEN LOOSE NR - 12OZ,Naive Seasonal,2026-06-01,5412.79,0.0
23886,HEINEKEN LOOSE NR - 12OZ,Naive Seasonal,2026-07-01,5390.0,0.0
23886,HEINEKEN LOOSE NR - 12OZ,Holt-Winters,2026-02-01,0.0,0.0
23886,HEINEKEN LOOSE NR - 12OZ,Holt-Winters,2026-03-01,0.0,0.0
23886,HEINEKEN LOOSE NR - 12OZ,Holt-Winters,2026-04-01,0.0,0.0
23886,HEINEKEN LOOSE NR - 12OZ,Holt-Winters,2026-05-01,0.0,0.0
23886,HEINEKEN LOOSE NR - 12OZ,Holt-Winters,2026-06-01,5412.79,0.0
23886,HEINEKEN LOOSE NR - 12OZ,Holt-Winters,2026-07-01,5390.0,602.8065082420369
23886,HEINEKEN LOOSE NR - 12OZ,SARIMA,2026-02-01,0.0,154.8951737340169
23886,HEINEKEN LOOSE NR - 12OZ,SARIMA,2026-03-01,0.0,0.0
23886,HEINEKEN LOOSE NR - 12OZ,SARIMA,2026-04-01,0.0,0.0
23886,HEINEKEN LOOSE NR - 12OZ,SARIMA,2026-05-01,0.0,0.0
23886,HEINEKEN LOOSE NR - 12OZ,SARIMA,2026-06-01,5412.79,188.96477219450423
23886,HEINEKEN LOOSE NR - 12OZ,SARIMA,2026-07-01,5390.0,629.8849548202656
96970,HEINEKEN 2/12 NR - 12OZ,Naive Seasonal,2026-02-01,0.0,0.0
96970,HEINEKEN 2/12 NR - 12OZ,Naive Seasonal,2026-03-01,0.0,0.0
96970,HEINEKEN 2/12 NR - 12OZ,Naive Seasonal,2026-04-01,0.0,0.0
96970,HEINEKEN 2/12 NR - 12OZ,Naive Seasonal,2026-05-01,0.0,0.0
96970,HEINEKEN 2/12 NR - 12OZ,Naive Seasonal,2026-06-01,4696.75,0.0
96970,HEINEKEN 2/12 NR - 12OZ,Naive Seasonal,2026-07-01,4323.0,0.0
96970,HEINEKEN 2/12 NR - 12OZ,Holt-Winters,2026-02-01,0.0,0.0
96970,HEINEKEN 2/12 NR - 12OZ,Holt-Winters,2026-03-01,0.0,0.0
96970,HEINEKEN 2/12 NR - 12OZ,Holt-Winters,2026-04-01,0.0,0.0
96970,HEINEKEN 2/12 NR - 12OZ,Holt-Winters,2026-05-01,0.0,0.0
96970,HEINEKEN 2/12 NR - 12OZ,Holt-Winters,2026-06-01,4696.75,0.0
96970,HEINEKEN 2/12 NR - 12OZ,Holt-Winters,2026-07-01,4323.0,1006.3277972126186
96970,HEINEKEN 2/12 NR - 12OZ,SARIMA,2026-02-01,0.0,217.10100119294628
96970,HEINEKEN 2/12 NR - 12OZ,SARIMA,2026-03-01,0.0,0.0
96970,HEINEKEN 2/12 NR - 12OZ,SARIMA,2026-04-01,0.0,0.0
96970,HEINEKEN 2/12 NR - 12OZ,SARIMA,2026-05-01,0.0,0.0
96970,HEINEKEN 2/12 NR - 12OZ,SARIMA,2026-06-01,4696.75,413.78006701265065
96970,HEINEKEN 2/12 NR - 12OZ,SARIMA,2026-07-01,4323.0,808.8591184865888
90590,MILLER LITE 30PK CAN - 12OZ,Naive Seasonal,2026-02-01,0.0,0.0
90590,MILLER LITE 30PK CAN - 12OZ,Naive Seasonal,2026-03-01,0.0,0.0
90590,MILLER LITE 30PK CAN - 12OZ,Naive Seasonal,2026-04-01,0.0,0.0
90590,MILLER LITE 30PK CAN - 12OZ,Naive Seasonal,2026-05-01,0.0,0.0
90590,MILLER LITE 30PK CAN - 12OZ,Naive Seasonal,2026-06-01,5124.87,0.0
90590,MILLER LITE 30PK CAN - 12OZ,Naive Seasonal,2026-07-01,4446.0,0.0
90590,MILLER LITE 30PK CAN - 12OZ,Holt-Winters,2026-02-01,0.0,0.0
90590,MILLER LITE 30PK CAN - 12OZ,Holt-Winters,2026-03-01,0.0,0.0
90590,MILLER LITE 30PK CAN - 12OZ,Holt-Winters,2026-04-01,0.0,0.0
90590,MILLER LITE 30PK CAN - 12OZ,Holt-Winters,2026-05-01,0.0,0.0
90590,MILLER LITE 30PK CAN - 12OZ,Holt-Winters,2026-06-01,5124.87,0.0
90590,MILLER LITE 30PK CAN - 12OZ,Holt-Winters,2026-07-01,4446.0,0.0
90590,MILLER LITE 30PK CAN - 12OZ,SARIMA,2026-02-01,0.0,0.0
90590,MILLER LITE 30PK CAN - 12OZ,SARIMA,2026-03-01,0.0,0.0
90590,MILLER LITE 30PK CAN - 12OZ,SARIMA,2026-04-01,0.0,0.0
90590,MILLER LITE 30PK CAN - 12OZ,SARIMA,2026-05-01,0.0,0.0
90590,MILLER LITE 30PK CAN - 12OZ,SARIMA,2026-06-01,5124.87,0.0
90590,MILLER LITE 30PK CAN - 12OZ,SARIMA,2026-07-01,4446.0,0.0
96741,CORONA EXTRA 4/6 NR - 12OZ,Naive Seasonal,2026-02-01,0.0,0.0
96741,CORONA EXTRA 4/6 NR - 12OZ,Naive Seasonal,2026-03-01,0.0,0.0
96741,CORONA EXTRA 4/6 NR - 12OZ,Naive Seasonal,2026-04-01,0.0,0.0
96741,CORONA EXTRA 4/6 NR - 12OZ,Naive Seasonal,2026-05-01,0.0,0.0
96741,CORONA EXTRA 4/6 NR - 12OZ,Naive Seasonal,2026-06-01,4295.97,0.0
96741,CORONA EXTRA 4/6 NR - 12OZ,Naive Seasonal,2026-07-01,3998.93,0.0
96741,CORONA EXTRA 4/6 NR - 12OZ,Holt-Winters,2026-02-01,0.0,0.0
96741,CORONA EXTRA 4/6 NR - 12OZ,Holt-Winters,2026-03-01,0.0,0.0
96741,CORONA EXTRA 4/6 NR - 12OZ,Holt-Winters,2026-04-01,0.0,0.0
96741,CORONA EXTRA 4/6 NR - 12OZ,Holt-Winters,2026-05-01,0.0,0.0
96741,CORONA EXTRA 4/6 NR - 12OZ,Holt-Winters,2026-06-01,4295.97,0.0
96741,CORONA EXTRA 4/6 NR - 12OZ,Holt-Winters,2026-07-01,3998.93,181.78997908789165
96741,CORONA EXTRA 4/6 NR - 12OZ,SARIMA,2026-02-01,0.0,14.766445257787206
96741,CORONA EXTRA 4/6 NR - 12OZ,SARIMA,2026-03-01,0.0,0.0
96741,CORONA EXTRA 4/6 NR - 12OZ,SARIMA,2026-04-01,0.0,0.0
96741,CORONA EXTRA 4/6 NR - 12OZ,SARIMA,2026-05-01,0.0,0.0
96741,CORONA EXTRA 4/6 NR - 12OZ,SARIMA,2026-06-01,4295.97,0.0
96741,CORONA EXTRA 4/6 NR - 12OZ,SARIMA,2026-07-01,3998.93,355.25644929443945
25883,MODELO ESPECIAL 24 LOOSE NR - 12OZ,Naive Seasonal,2026-02-01,0.0,0.0
25883,MODELO ESPECIAL 24 LOOSE NR - 12OZ,Naive Seasonal,2026-03-01,0.0,0.0
25883,MODELO ESPECIAL 24 LOOSE NR - 12OZ,Naive Seasonal,2026-04-01,0.0,0.0
25883,MODELO ESPECIAL 24 LOOSE NR - 12OZ,Naive Seasonal,2026-05-01,0.0,0.0
25883,MODELO ESPECIAL 24 LOOSE NR - 12OZ,Naive Seasonal,2026-06-01,8115.92,0.0
25883,MODELO ESPECIAL 24 LOOSE NR - 12OZ,Naive Seasonal,2026-07-01,7859.88,0.0
25883,MODELO ESPECIAL 24 LOOSE NR - 12OZ,Holt-Winters,2026-02-01,0.0,0.0
25883,MODELO ESPECIAL 24 LOOSE NR - 12OZ,Holt-Winters,2026-03-01,0.0,0.0
25883,MODELO ESPECIAL 24 LOOSE NR - 12OZ,Holt-Winters,2026-04-01,0.0,0.0
25883,MODELO ESPECIAL 24 LOOSE NR - 12OZ,Holt-Winters,2026-05-01,0.0,0.0
25883,MODELO ESPECIAL 24 LOOSE NR - 12OZ,Holt-Winters,2026-06-01,8115.92,0.0
25883,MODELO ESPECIAL 24 LOOSE NR - 12OZ,Holt-Winters,2026-07-01,7859.88,684.2819876355181
25883,MODELO ESPECIAL 24 LOOSE NR - 12OZ,SARIMA,2026-02-01,0.0,0.0
25883,MODELO ESPECIAL 24 LOOSE NR - 12OZ,SARIMA,2026-03-01,0.0,0.0
25883,MODELO ESPECIAL 24 LOOSE NR - 12OZ,SARIMA,2026-04-01,0.0,0.0
25883,MODELO ESPECIAL 24 LOOSE NR - 12OZ,SARIMA,2026-05-01,0.0,0.0
25883,MODELO ESPECIAL 24 LOOSE NR - 12OZ,SARIMA,2026-06-01,8115.92,18.649516884019476
25883,MODELO ESPECIAL 24 LOOSE NR - 12OZ,SARIMA,2026-07-01,7859.88,573.9293515737097
95800,MODELO ESPECIAL-2/12 CAN - 12OZ,Naive Seasonal,2026-02-01,0.0,0.0
95800,MODELO ESPECIAL-2/12 CAN - 12OZ,Naive Seasonal,2026-03-01,0.0,0.0
95800,MODELO ESPECIAL-2/12 CAN - 12OZ,Naive Seasonal,2026-04-01,0.0,0.0
95800,MODELO ESPECIAL-2/12 CAN - 12OZ,Naive Seasonal,2026-05-01,0.0,0.0
95800,MODELO ESPECIAL-2/12 CAN - 12OZ,Naive Seasonal,2026-06-01,10747.46,0.0
95800,MODELO ESPECIAL-2/12 CAN - 12OZ,Naive Seasonal,2026-07-01,9217.42,0.0
95800,MODELO ESPECIAL-2/12 CAN - 12OZ,Holt-Winters,2026-02-01,0.0,0.0
95800,MODELO ESPECIAL-2/12 CAN - 12OZ,Holt-Winters,2026-03-01,0.0,124.14260539251303
95800,MODELO ESPECIAL-2/12 CAN - 12OZ,Holt-Winters,2026-04-01,0.0,0.0
95800,MODELO ESPECIAL-2/12 CAN - 12OZ,Holt-Winters,2026-05-01,0.0,0.0
95800,MODELO ESPECIAL-2/12 CAN - 12OZ,Holt-Winters,2026-06-01,10747.46,78.68820194306853
95800,MODELO ESPECIAL-2/12 CAN - 12OZ,Holt-Winters,2026-07-01,9217.42,552.8657830360461
95800,MODELO ESPECIAL-2/12 CAN - 12OZ,SARIMA,2026-02-01,0.0,122.50368150842752
95800,MODELO ESPECIAL-2/12 CAN - 12OZ,SARIMA,2026-03-01,0.0,80.53184225198126
95800,MODELO ESPECIAL-2/12 CAN - 12OZ,SARIMA,2026-04-01,0.0,0.0
95800,MODELO ESPECIAL-2/12 CAN - 12OZ,SARIMA,2026-05-01,0.0,0.0
95800,MODELO ESPECIAL-2/12 CAN - 12OZ,SARIMA,2026-06-01,10747.46,84.46402988945067
95800,MODELO ESPECIAL-2/12 CAN - 12OZ,SARIMA,2026-07-01,9217.42,523.6769244468002
90468,BUD LIGHT 30PK CAN,Naive Seasonal,2026-02-01,0.0,0.0
90468,BUD LIGHT 30PK CAN,Naive Seasonal,2026-03-01,0.0,0.0
90468,BUD LIGHT 30PK CAN,Naive Seasonal,2026-04-01,0.0,0.0
90468,BUD LIGHT 30PK CAN,Naive Seasonal,2026-05-01,0.0,0.0
90468,BUD LIGHT 30PK CAN,Naive Seasonal,2026-06-01,2191.77,0.0
90468,BUD LIGHT 30PK CAN,Naive Seasonal,2026-07-01,2008.97,0.0
90468,BUD LIGHT 30PK CAN,Holt-Winters,2026-02-01,0.0,0.0
90468,BUD LIGHT 30PK CAN,Holt-Winters,2026-03-01,0.0,0.0
90468,BUD LIGHT 30PK CAN,Holt-Winters,2026-04-01,0.0,0.0
90468,BUD LIGHT 30PK CAN,Holt-Winters,2026-05-01,0.0,0.0
90468,BUD LIGHT 30PK CAN,Holt-Winters,2026-06-01,2191.77,0.0
90468,BUD LIGHT 30PK CAN,Holt-Winters,2026-07-01,2008.97,67.59427042402069
90468,BUD LIGHT 30PK CAN,SARIMA,2026-02-01,0.0,0.0
90468,BUD LIGHT 30PK CAN,SARIMA,2026-03-01,0.0,0.0
90468,BUD LIGHT 30PK CAN,SARIMA,2026-04-01,0.0,0.0
90468,BUD LIGHT 30PK CAN,SARIMA,2026-05-01,0.0,0.0
90468,BUD LIGHT 30PK CAN,SARIMA,2026-06-01,2191.77,0.0
90468,BUD LIGHT 30PK CAN,SARIMA,2026-07-01,2008.97,132.62510487861792
23777,MODELO ESPECIAL SUITCASE CANS - 12OZ,Naive Seasonal,2026-02-01,0.0,0.0
23777,MODELO ESPECIAL SUITCASE CANS - 12OZ,Naive Seasonal,2026-03-01,0.0,0.0
23777,MODELO ESPECIAL SUITCASE CANS - 12OZ,Naive Seasonal,2026-04-01,0.0,0.0
23777,MODELO ESPECIAL SUITCASE CANS - 12OZ,Naive Seasonal,2026-05-01,0.0,0.0
23777,MODELO ESPECIAL SUITCASE CANS - 12OZ,Naive Seasonal,2026-06-01,8947.96,0.0
23777,MODELO ESPECIAL SUITCASE CANS - 12OZ,Naive Seasonal,2026-07-01,8986.84,0.0
23777,MODELO ESPECIAL SUITCASE CANS - 12OZ,Holt-Winters,2026-02-01,0.0,0.0
23777,MODELO ESPECIAL SUITCASE CANS - 12OZ,Holt-Winters,2026-03-01,0.0,53.38598026325023
23777,MODELO ESPECIAL SUITCASE CANS - 12OZ,Holt-Winters,2026-04-01,0.0,0.0
23777,MODELO ESPECIAL SUITCASE CANS - 12OZ,Holt-Winters,2026-05-01,0.0,0.0
23777,MODELO ESPECIAL SUITCASE CANS - 12OZ,Holt-Winters,2026-06-01,8947.96,0.0
23777,MODELO ESPECIAL SUITCASE CANS - 12OZ,Holt-Winters,2026-07-01,8986.84,618.2016570663992
23777,MODELO ESPECIAL SUITCASE CANS - 12OZ,SARIMA,2026-02-01,0.0,0.0
23777,MODELO ESPECIAL SUITCASE CANS - 12OZ,SARIMA,2026-03-01,0.0,72.29833595959396
23777,MODELO ESPECIAL SUITCASE CANS - 12OZ,SARIMA,2026-04-01,0.0,0.0
23777,MODELO ESPECIAL SUITCASE CANS - 12OZ,SARIMA,2026-05-01,0.0,0.0
23777,MODELO ESPECIAL SUITCASE CANS - 12OZ,SARIMA,2026-06-01,8947.96,0.0
23777,MODELO ESPECIAL SUITCASE CANS - 12OZ,SARIMA,2026-07-01,8986.84,512.5710183252506
96083,HEINEKEN 4/6 NR - 12OZ,Naive Seasonal,2026-02-01,0.0,0.0
96083,HEINEKEN 4/6 NR - 12OZ,Naive Seasonal,2026-03-01,0.0,0.0
96083,HEINEKEN 4/6 NR - 12OZ,Naive Seasonal,2026-04-01,0.0,0.0
96083,HEINEKEN 4/6 NR - 12OZ,Naive Seasonal,2026-05-01,0.0,0.0
96083,HEINEKEN 4/6 NR - 12OZ,Naive Seasonal,2026-06-01,2914.81,0.0
96083,HEINEKEN 4/6 NR - 12OZ,Naive Seasonal,2026-07-01,2741.4,0.0
96083,HEINEKEN 4/6 NR - 12OZ,Holt-Winters,2026-02-01,0.0,0.0
96083,HEINEKEN 4/6 NR - 12OZ,Holt-Winters,2026-03-01,0.0,0.0
96083,HEINEKEN 4/6 NR - 12OZ,Holt-Winters,2026-04-01,0.0,0.0
96083,HEINEKEN 4/6 NR - 12OZ,Holt-Winters,2026-05-01,0.0,0.0
96083,HEINEKEN 4/6 NR - 12OZ,Holt-Winters,2026-06-01,2914.81,0.0
96083,HEINEKEN 4/6 NR - 12OZ,Holt-Winters,2026-07-01,2741.4,73.6715011678574
96083,HEINEKEN 4/6 NR - 12OZ,SARIMA,2026-02-01,0.0,0.0
96083,HEINEKEN 4/6 NR - 12OZ,SARIMA,2026-03-01,0.0,0.0
96083,HEINEKEN 4/6 NR - 12OZ,SARIMA,2026-04-01,0.0,0.0
96083,HEINEKEN 4/6 NR - 12OZ,SARIMA,2026-05-01,0.0,0.0
96083,HEINEKEN 4/6 NR - 12OZ,SARIMA,2026-06-01,2914.81,0.0
96083,HEINEKEN 4/6 NR - 12OZ,SARIMA,2026-07-01,2741.4,229.00508298849695
99198,MODELO ESPECIAL 2/12 NR - 12OZ,Naive Seasonal,2026-02-01,0.0,0.0
99198,MODELO ESPECIAL 2/12 NR - 12OZ,Naive Seasonal,2026-03-01,0.0,0.0
99198,MODELO ESPECIAL 2/12 NR - 12OZ,Naive Seasonal,2026-04-01,0.0,0.0
99198,MODELO ESPECIAL 2/12 NR - 12OZ,Naive Seasonal,2026-05-01,0.0,0.0
99198,MODELO ESPECIAL 2/12 NR - 12OZ,Naive Seasonal,2026-06-01,5618.0,0.0
99198,MODELO ESPECIAL 2/12 NR - 12OZ,Naive Seasonal,2026-07-01,5281.5,0.0
99198,MODELO ESPECIAL 2/12 NR - 12OZ,Holt-Winters,2026-02-01,0.0,0.0
99198,MODELO ESPECIAL 2/12 NR - 12OZ,Holt-Winters,2026-03-01,0.0,4.2505969684570815
99198,MODELO ESPECIAL 2/12 NR - 12OZ,Holt-Winters,2026-04-01,0.0,0.0
99198,MODELO ESPECIAL 2/12 NR - 12OZ,Holt-Winters,2026-05-01,0.0,0.0
99198,MODELO ESPECIAL 2/12 NR - 12OZ,Holt-Winters,2026-06-01,5618.0,102.57707773126401
99198,MODELO ESPECIAL 2/12 NR - 12OZ,Holt-Winters,2026-07-01,5281.5,643.2447374207377
99198,MODELO ESPECIAL 2/12 NR - 12OZ,SARIMA,2026-02-01,0.0,245.62438512044082
99198,MODELO ESPECIAL 2/12 NR - 12OZ,SARIMA,2026-03-01,0.0,3.214846520012339
99198,MODELO ESPECIAL 2/12 NR - 12OZ,SARIMA,2026-04-01,0.0,0.0
99198,MODELO ESPECIAL 2/12 NR - 12OZ,SARIMA,2026-05-01,0.0,0.0
99198,MODELO ESPECIAL 2/12 NR - 12OZ,SARIMA,2026-06-01,5618.0,168.45901852972656
99198,MODELO ESPECIAL 2/12 NR - 12OZ,SARIMA,2026-07-01,5281.5,572.5037144708838
23314,CORONA EXTRA 18PK NR - 12OZ,Naive Seasonal,2026-02-01,0.0,0.0
23314,CORONA EXTRA 18PK NR - 12OZ,Naive Seasonal,2026-03-01,0.0,0.0
23314,CORONA EXTRA 18PK NR - 12OZ,Naive Seasonal,2026-04-01,0.0,0.0
23314,CORONA EXTRA 18PK NR - 12OZ,Naive Seasonal,2026-05-01,0.0,0.0
23314,CORONA EXTRA 18PK NR - 12OZ,Naive Seasonal,2026-06-01,3165.33,0.0
23314,CORONA EXTRA 18PK NR - 12OZ,Naive Seasonal,2026-07-01,2927.0,0.0
23314,CORONA EXTRA 18PK NR - 12OZ,Holt-Winters,2026-02-01,0.0,0.0
23314,CORONA EXTRA 18PK NR - 12OZ,Holt-Winters,2026-03-01,0.0,0.0
23314,CORONA EXTRA 18PK NR - 12OZ,Holt-Winters,2026-04-01,0.0,0.0
23314,CORONA EXTRA 18PK NR - 12OZ,Holt-Winters,2026-05-01,0.0,0.0
23314,CORONA EXTRA 18PK NR - 12OZ,Holt-Winters,2026-06-01,3165.33,0.0
23314,CORONA EXTRA 18PK NR - 12OZ,Holt-Winters,2026-07-01,2927.0,162.2086639198834
23314,CORONA EXTRA 18PK NR - 12OZ,SARIMA,2026-02-01,0.0,29.622342896355708
23314,CORONA EXTRA 18PK NR - 12OZ,SARIMA,2026-03-01,0.0,0.0
23314,CORONA EXTRA 18PK NR - 12OZ,SARIMA,2026-04-01,0.0,0.0
23314,CORONA EXTRA 18PK NR - 12OZ,SARIMA,2026-05-01,0.0,0.0
23314,CORONA EXTRA 18PK NR - 12OZ,SARIMA,2026-06-01,3165.33,0.0
23314,CORONA EXTRA 18PK NR - 12OZ,SARIMA,2026-07-01,2927.0,100.5200470658241
91170,COORS LT 30PK CAN - 12OZ,Naive Seasonal,2026-02-01,0.0,0.0
91170,COORS LT 30PK CAN - 12OZ,Naive Seasonal,2026-03-01,0.0,0.0
91170,COORS LT 30PK CAN - 12OZ,Naive Seasonal,2026-04-01,0.0,0.0
91170,COORS LT 30PK CAN - 12OZ,Naive Seasonal,2026-05-01,0.0,0.0
91170,COORS LT 30PK CAN - 12OZ,Naive Seasonal,2026-06-01,3837.8,0.0
91170,COORS LT 30PK CAN - 12OZ,Naive Seasonal,2026-07-01,3326.0,0.0
91170,COORS LT 30PK CAN - 12OZ,Holt-Winters,2026-02-01,0.0,0.0
91170,COORS LT 30PK CAN - 12OZ,Holt-Winters,2026-03-01,0.0,0.0
91170,COORS LT 30PK CAN - 12OZ,Holt-Winters,2026-04-01,0.0,0.0
91170,COORS LT 30PK CAN - 12OZ,Holt-Winters,2026-05-01,0.0,0.0
91170,COORS LT 30PK CAN - 12OZ,Holt-Winters,2026-06-01,3837.8,0.0
91170,COORS LT 30PK CAN - 12OZ,Holt-Winters,2026-07-01,3326.0,0.0
91170,COORS LT 30PK CAN - 12OZ,SARIMA,2026-02-01,0.0,0.0
91170,COORS LT 30PK CAN - 12OZ,SARIMA,2026-03-01,0.0,0.0
91170,COORS LT 30PK CAN - 12OZ,SARIMA,2026-04-01,0.0,0.0
91170,COORS LT 30PK CAN - 12OZ,SARIMA,2026-05-01,0.0,0.0
91170,COORS LT 30PK CAN - 12OZ,SARIMA,2026-06-01,3837.8,0.0
91170,COORS LT 30PK CAN - 12OZ,SARIMA,2026-07-01,3326.0,0.0
23318,MODELO ESPECIAL 18PK CAN - 12OZ,Naive Seasonal,2026-02-01,0.0,0.0
23318,MODELO ESPECIAL 18PK CAN - 12OZ,Naive Seasonal,2026-03-01,0.0,0.0
23318,MODELO ESPECIAL 18PK CAN - 12OZ,Naive Seasonal,2026-04-01,0.0,0.0
23318,MODELO ESPECIAL 18PK CAN - 12OZ,Naive Seasonal,2026-05-01,0.0,0.0
23318,MODELO ESPECIAL 18PK CAN - 12OZ,Naive Seasonal,2026-06-01,5997.06,0.0
23318,MODELO ESPECIAL 18PK CAN - 12OZ,Naive Seasonal,2026-07-01,3488.0,0.0
23318,MODELO ESPECIAL 18PK CAN - 12OZ,Holt-Winters,2026-02-01,0.0,0.0
23318,MODELO ESPECIAL 18PK CAN - 12OZ,Holt-Winters,2026-03-01,0.0,105.24510642101014
23318,MODELO ESPECIAL 18PK CAN - 12OZ,Holt-Winters,2026-04-01,0.0,0.0
23318,MODELO ESPECIAL 18PK CAN - 12OZ,Holt-Winters,2026-05-01,0.0,0.0
23318,MODELO ESPECIAL 18PK CAN - 12OZ,Holt-Winters,2026-06-01,5997.06,37.2737646089999
23318,MODELO ESPECIAL 18PK CAN - 12OZ,Holt-Winters,2026-07-01,3488.0,0.0
23318,MODELO ESPECIAL 18PK CAN - 12OZ,SARIMA,2026-02-01,0.0,0.0
23318,MODELO ESPECIAL 18PK CAN - 12OZ,SARIMA,2026-03-01,0.0,62.04997244098729
23318,MODELO ESPECIAL 18PK CAN - 12OZ,SARIMA,2026-04-01,0.0,0.0
23318,MODELO ESPECIAL 18PK CAN - 12OZ,SARIMA,2026-05-01,0.0,0.0
23318,MODELO ESPECIAL 18PK CAN - 12OZ,SARIMA,2026-06-01,5997.06,0.0
23318,MODELO ESPECIAL 18PK CAN - 12OZ,SARIMA,2026-07-01,3488.0,0.0
